{
  "params": [
    1.4839804041949372,
    0.8586433229958543,
    0.35227865577954653,
    0.5306588214565827,
    0.27365994961722007,
    1.7218499297015406,
    7.133138821359289,
    7.013598231800904,
    4.610518186105769,
    2.0988275862943744,
    2.5302076097230426,
    0.5230308888962243,
    2.9409571423469365,
    8.615062777868978,
    0.5882029679523808,
    0.9599821270885842,
    0.4672408387732645,
    0.5630049075298149,
    0.5520929479992467,
    0.3194703835706828,
    2.392466748090831,
    0.10731616910043949,
    0.32594942333173105,
    0.042242928152763974,
    0.8022430397930328,
    0.48809330964079833,
    1.1293953357417506,
    0.3290965154429632,
    0.3673306616368978,
    2.5659623350741554,
    0.7402979364515185,
    0.1669728717070153,
    3.441120262761133,
    5.313767569273578,
    0.3157594313155842,
    0.18203615762925462,
    1.0097193520701564,
    0.1907042147779885,
    0.4399719882187294,
    0.17462363887840418
  ],
  "named_params": {
    "base_food_production": 1.4839804041949372,
    "forest_food_bonus": 0.8586433229958543,
    "plains_food_bonus": 0.35227865577954653,
    "food_consumption_rate": 0.5306588214565827,
    "pop_growth_rate": 0.27365994961722007,
    "pop_growth_food_threshold": 1.7218499297015406,
    "carrying_capacity_per_food": 7.133138821359289,
    "port_development_threshold": 7.013598231800904,
    "longship_build_threshold": 4.610518186105769,
    "expansion_threshold": 2.0988275862943744,
    "expansion_range": 2.5302076097230426,
    "expansion_pop_transfer": 0.5230308888962243,
    "raid_range_base": 2.9409571423469365,
    "raid_range_longship": 8.615062777868978,
    "raid_desperation_threshold": 0.5882029679523808,
    "raid_strength_factor": 0.9599821270885842,
    "raid_loot_fraction": 0.4672408387732645,
    "raid_damage_factor": 0.5630049075298149,
    "conquest_threshold": 0.5520929479992467,
    "raid_kill_threshold": 0.3194703835706828,
    "trade_range": 2.392466748090831,
    "trade_food_gain": 0.10731616910043949,
    "trade_wealth_gain": 0.32594942333173105,
    "tech_diffusion_rate": 0.042242928152763974,
    "winter_severity_mean": 0.8022430397930328,
    "winter_severity_variance": 0.48809330964079833,
    "collapse_food_threshold": 1.1293953357417506,
    "collapse_probability": 0.3290965154429632,
    "survival_bonus": 0.3673306616368978,
    "dispersal_range": 2.5659623350741554,
    "dispersal_fraction": 0.7402979364515185,
    "forest_reclaim_probability": 0.1669728717070153,
    "ruin_rebuild_range": 3.441120262761133,
    "ruin_rebuild_threshold": 5.313767569273578,
    "ruin_rebuild_fraction": 0.3157594313155842,
    "ruin_to_plains_probability": 0.18203615762925462,
    "harsh_winter_collapse_factor": 1.0097193520701564,
    "raid_collapse_threshold": 0.1907042147779885,
    "raid_probability": 0.4399719882187294,
    "wealth_production_rate": 0.17462363887840418
  },
  "score": 58.63226708709921,
  "param_names": [
    "base_food_production",
    "forest_food_bonus",
    "plains_food_bonus",
    "food_consumption_rate",
    "pop_growth_rate",
    "pop_growth_food_threshold",
    "carrying_capacity_per_food",
    "port_development_threshold",
    "longship_build_threshold",
    "expansion_threshold",
    "expansion_range",
    "expansion_pop_transfer",
    "raid_range_base",
    "raid_range_longship",
    "raid_desperation_threshold",
    "raid_strength_factor",
    "raid_loot_fraction",
    "raid_damage_factor",
    "conquest_threshold",
    "raid_kill_threshold",
    "trade_range",
    "trade_food_gain",
    "trade_wealth_gain",
    "tech_diffusion_rate",
    "winter_severity_mean",
    "winter_severity_variance",
    "collapse_food_threshold",
    "collapse_probability",
    "survival_bonus",
    "dispersal_range",
    "dispersal_fraction",
    "forest_reclaim_probability",
    "ruin_rebuild_range",
    "ruin_rebuild_threshold",
    "ruin_rebuild_fraction",
    "ruin_to_plains_probability",
    "harsh_winter_collapse_factor",
    "raid_collapse_threshold",
    "raid_probability",
    "wealth_production_rate"
  ],
  "source": "cluster_grid_search",
  "timestamp": "20260321_163812",
  "merged_from": "data/grid_search/best_params_vm4.json"
}