{
  "params": [
    0.8319666203109993,
    0.4772098644325074,
    0.18105048332533524,
    0.20094275151985713,
    0.29245390043652875,
    0.5383445957692536,
    6.375542662502628,
    6.674244940766395,
    3.889272676544071,
    8.08408792755474,
    5.083813807533651,
    0.5213564154696841,
    2.5537726292257688,
    6.741148777727814,
    0.9534635914825872,
    1.3001071403970301,
    0.4134880800063528,
    0.4561553225946509,
    0.19516110252787228,
    0.1833214264011096,
    3.1676572653318265,
    0.28788755778909414,
    0.4525395429622486,
    0.033891315253288236,
    1.9294352556198109,
    0.4494888502956785,
    0.9022193525530172,
    0.08150456118963201,
    0.0038245667878254504,
    3.765937650559035,
    0.7059155709263117,
    0.11888510523751646,
    5.597791933857682,
    2.1446129621456222,
    0.19065584896609633,
    0.18602545910697124,
    1.5,
    0.3
  ],
  "named_params": {
    "base_food_production": 0.8319666203109993,
    "forest_food_bonus": 0.4772098644325074,
    "plains_food_bonus": 0.18105048332533524,
    "food_consumption_rate": 0.20094275151985713,
    "pop_growth_rate": 0.29245390043652875,
    "pop_growth_food_threshold": 0.5383445957692536,
    "carrying_capacity_per_food": 6.375542662502628,
    "port_development_threshold": 6.674244940766395,
    "longship_build_threshold": 3.889272676544071,
    "expansion_threshold": 8.08408792755474,
    "expansion_range": 5.083813807533651,
    "expansion_pop_transfer": 0.5213564154696841,
    "raid_range_base": 2.5537726292257688,
    "raid_range_longship": 6.741148777727814,
    "raid_desperation_threshold": 0.9534635914825872,
    "raid_strength_factor": 1.3001071403970301,
    "raid_loot_fraction": 0.4134880800063528,
    "raid_damage_factor": 0.4561553225946509,
    "conquest_threshold": 0.19516110252787228,
    "raid_kill_threshold": 0.1833214264011096,
    "trade_range": 3.1676572653318265,
    "trade_food_gain": 0.28788755778909414,
    "trade_wealth_gain": 0.4525395429622486,
    "tech_diffusion_rate": 0.033891315253288236,
    "winter_severity_mean": 1.9294352556198109,
    "winter_severity_variance": 0.4494888502956785,
    "collapse_food_threshold": 0.9022193525530172,
    "collapse_probability": 0.08150456118963201,
    "survival_bonus": 0.0038245667878254504,
    "dispersal_range": 3.765937650559035,
    "dispersal_fraction": 0.7059155709263117,
    "forest_reclaim_probability": 0.11888510523751646,
    "ruin_rebuild_range": 5.597791933857682,
    "ruin_rebuild_threshold": 2.1446129621456222,
    "ruin_rebuild_fraction": 0.19065584896609633,
    "ruin_to_plains_probability": 0.18602545910697124,
    "harsh_winter_collapse_factor": 1.5,
    "raid_collapse_threshold": 0.3
  },
  "score": 56.3026814425915,
  "param_names": [
    "base_food_production",
    "forest_food_bonus",
    "plains_food_bonus",
    "food_consumption_rate",
    "pop_growth_rate",
    "pop_growth_food_threshold",
    "carrying_capacity_per_food",
    "port_development_threshold",
    "longship_build_threshold",
    "expansion_threshold",
    "expansion_range",
    "expansion_pop_transfer",
    "raid_range_base",
    "raid_range_longship",
    "raid_desperation_threshold",
    "raid_strength_factor",
    "raid_loot_fraction",
    "raid_damage_factor",
    "conquest_threshold",
    "raid_kill_threshold",
    "trade_range",
    "trade_food_gain",
    "trade_wealth_gain",
    "tech_diffusion_rate",
    "winter_severity_mean",
    "winter_severity_variance",
    "collapse_food_threshold",
    "collapse_probability",
    "survival_bonus",
    "dispersal_range",
    "dispersal_fraction",
    "forest_reclaim_probability",
    "ruin_rebuild_range",
    "ruin_rebuild_threshold",
    "ruin_rebuild_fraction",
    "ruin_to_plains_probability",
    "harsh_winter_collapse_factor",
    "raid_collapse_threshold"
  ],
  "source": "grid_search_rust",
  "timestamp": "20260321_144259"
}