{
  "params": [
    1.481424219122298,
    0.8635306839101702,
    0.23063640551854697,
    0.26712235369612625,
    0.16197117643191386,
    0.46477885830935234,
    4.930132381154424,
    5.8266692239797555,
    0.9685536581841705,
    2.3660332877007733,
    2.4987038973108566,
    0.3371449409977635,
    2.5618503782741873,
    6.502526693013954,
    0.8102137189078179,
    0.6306627009760788,
    0.21535918652812536,
    0.27547597917582967,
    0.6488457368768347,
    0.2124274013954186,
    2.5744817566951443,
    0.49097543209346955,
    0.45136480687488145,
    0.10918389062996708,
    0.7270087997044216,
    0.5522002492013105,
    0.22127480797820426,
    0.30267032184913517,
    0.7944246594912218,
    3.5929508467256994,
    0.6915586235966067,
    0.12378292401840821,
    1.186358786980985,
    2.1345627220083645,
    0.28850489928735407,
    0.2878751100291602,
    1.072245063874894,
    0.3411947722055273,
    0.9908082861932257,
    0.10147763534434605
  ],
  "named_params": {
    "base_food_production": 1.481424219122298,
    "forest_food_bonus": 0.8635306839101702,
    "plains_food_bonus": 0.23063640551854697,
    "food_consumption_rate": 0.26712235369612625,
    "pop_growth_rate": 0.16197117643191386,
    "pop_growth_food_threshold": 0.46477885830935234,
    "carrying_capacity_per_food": 4.930132381154424,
    "port_development_threshold": 5.8266692239797555,
    "longship_build_threshold": 0.9685536581841705,
    "expansion_threshold": 2.3660332877007733,
    "expansion_range": 2.4987038973108566,
    "expansion_pop_transfer": 0.3371449409977635,
    "raid_range_base": 2.5618503782741873,
    "raid_range_longship": 6.502526693013954,
    "raid_desperation_threshold": 0.8102137189078179,
    "raid_strength_factor": 0.6306627009760788,
    "raid_loot_fraction": 0.21535918652812536,
    "raid_damage_factor": 0.27547597917582967,
    "conquest_threshold": 0.6488457368768347,
    "raid_kill_threshold": 0.2124274013954186,
    "trade_range": 2.5744817566951443,
    "trade_food_gain": 0.49097543209346955,
    "trade_wealth_gain": 0.45136480687488145,
    "tech_diffusion_rate": 0.10918389062996708,
    "winter_severity_mean": 0.7270087997044216,
    "winter_severity_variance": 0.5522002492013105,
    "collapse_food_threshold": 0.22127480797820426,
    "collapse_probability": 0.30267032184913517,
    "survival_bonus": 0.7944246594912218,
    "dispersal_range": 3.5929508467256994,
    "dispersal_fraction": 0.6915586235966067,
    "forest_reclaim_probability": 0.12378292401840821,
    "ruin_rebuild_range": 1.186358786980985,
    "ruin_rebuild_threshold": 2.1345627220083645,
    "ruin_rebuild_fraction": 0.28850489928735407,
    "ruin_to_plains_probability": 0.2878751100291602,
    "harsh_winter_collapse_factor": 1.072245063874894,
    "raid_collapse_threshold": 0.3411947722055273,
    "raid_probability": 0.9908082861932257,
    "wealth_production_rate": 0.10147763534434605
  },
  "score": 58.89650003810642,
  "param_names": [
    "base_food_production",
    "forest_food_bonus",
    "plains_food_bonus",
    "food_consumption_rate",
    "pop_growth_rate",
    "pop_growth_food_threshold",
    "carrying_capacity_per_food",
    "port_development_threshold",
    "longship_build_threshold",
    "expansion_threshold",
    "expansion_range",
    "expansion_pop_transfer",
    "raid_range_base",
    "raid_range_longship",
    "raid_desperation_threshold",
    "raid_strength_factor",
    "raid_loot_fraction",
    "raid_damage_factor",
    "conquest_threshold",
    "raid_kill_threshold",
    "trade_range",
    "trade_food_gain",
    "trade_wealth_gain",
    "tech_diffusion_rate",
    "winter_severity_mean",
    "winter_severity_variance",
    "collapse_food_threshold",
    "collapse_probability",
    "survival_bonus",
    "dispersal_range",
    "dispersal_fraction",
    "forest_reclaim_probability",
    "ruin_rebuild_range",
    "ruin_rebuild_threshold",
    "ruin_rebuild_fraction",
    "ruin_to_plains_probability",
    "harsh_winter_collapse_factor",
    "raid_collapse_threshold",
    "raid_probability",
    "wealth_production_rate"
  ],
  "source": "cluster_grid_search",
  "timestamp": "20260321_221609",
  "merged_from": "/Users/erikankerkilbergskallevold/Develop/git/nm-ai-2026/island_sim/scripts/../data/grid_search/best_params_vm5.json"
}