{
  "params": [
    0.4417716464636068,
    0.2797134929335439,
    0.11548184997124865,
    0.27702228400331913,
    0.14835289524996956,
    0.665554044285219,
    6.616117790760826,
    1.8334662119767153,
    1.829739986474174,
    2.771623720360172,
    3.161144139701916,
    0.3290707766387515,
    1.9937989939721699,
    4.29713662804335,
    0.27561734902637275,
    0.48486674738161223,
    0.3227753607334956,
    0.2372229575110259,
    0.3543000379659402,
    0.14946952918001086,
    4.572930495138934,
    0.1744951162034392,
    0.14474619011937978,
    0.09810504422391214,
    0.3261760255416401,
    0.29015431929839236,
    0.4065519003266377,
    0.43100801185649945,
    0.2684650424911175,
    2.9549823959597554,
    0.4875533674844065,
    0.06503089897478778,
    3.8769705559205594,
    2.035661294906229,
    0.1960732816379898,
    0.0514949032344572,
    1.5111961491102173,
    0.31850913569731054,
    0.5727697742699409,
    0.06692992710456092
  ],
  "named_params": {
    "base_food_production": 0.4417716464636068,
    "forest_food_bonus": 0.2797134929335439,
    "plains_food_bonus": 0.11548184997124865,
    "food_consumption_rate": 0.27702228400331913,
    "pop_growth_rate": 0.14835289524996956,
    "pop_growth_food_threshold": 0.665554044285219,
    "carrying_capacity_per_food": 6.616117790760826,
    "port_development_threshold": 1.8334662119767153,
    "longship_build_threshold": 1.829739986474174,
    "expansion_threshold": 2.771623720360172,
    "expansion_range": 3.161144139701916,
    "expansion_pop_transfer": 0.3290707766387515,
    "raid_range_base": 1.9937989939721699,
    "raid_range_longship": 4.29713662804335,
    "raid_desperation_threshold": 0.27561734902637275,
    "raid_strength_factor": 0.48486674738161223,
    "raid_loot_fraction": 0.3227753607334956,
    "raid_damage_factor": 0.2372229575110259,
    "conquest_threshold": 0.3543000379659402,
    "raid_kill_threshold": 0.14946952918001086,
    "trade_range": 4.572930495138934,
    "trade_food_gain": 0.1744951162034392,
    "trade_wealth_gain": 0.14474619011937978,
    "tech_diffusion_rate": 0.09810504422391214,
    "winter_severity_mean": 0.3261760255416401,
    "winter_severity_variance": 0.29015431929839236,
    "collapse_food_threshold": 0.4065519003266377,
    "collapse_probability": 0.43100801185649945,
    "survival_bonus": 0.2684650424911175,
    "dispersal_range": 2.9549823959597554,
    "dispersal_fraction": 0.4875533674844065,
    "forest_reclaim_probability": 0.06503089897478778,
    "ruin_rebuild_range": 3.8769705559205594,
    "ruin_rebuild_threshold": 2.035661294906229,
    "ruin_rebuild_fraction": 0.1960732816379898,
    "ruin_to_plains_probability": 0.0514949032344572,
    "harsh_winter_collapse_factor": 1.5111961491102173,
    "raid_collapse_threshold": 0.31850913569731054,
    "raid_probability": 0.5727697742699409,
    "wealth_production_rate": 0.06692992710456092
  },
  "score": 33.708986586969324,
  "param_names": [
    "base_food_production",
    "forest_food_bonus",
    "plains_food_bonus",
    "food_consumption_rate",
    "pop_growth_rate",
    "pop_growth_food_threshold",
    "carrying_capacity_per_food",
    "port_development_threshold",
    "longship_build_threshold",
    "expansion_threshold",
    "expansion_range",
    "expansion_pop_transfer",
    "raid_range_base",
    "raid_range_longship",
    "raid_desperation_threshold",
    "raid_strength_factor",
    "raid_loot_fraction",
    "raid_damage_factor",
    "conquest_threshold",
    "raid_kill_threshold",
    "trade_range",
    "trade_food_gain",
    "trade_wealth_gain",
    "tech_diffusion_rate",
    "winter_severity_mean",
    "winter_severity_variance",
    "collapse_food_threshold",
    "collapse_probability",
    "survival_bonus",
    "dispersal_range",
    "dispersal_fraction",
    "forest_reclaim_probability",
    "ruin_rebuild_range",
    "ruin_rebuild_threshold",
    "ruin_rebuild_fraction",
    "ruin_to_plains_probability",
    "harsh_winter_collapse_factor",
    "raid_collapse_threshold",
    "raid_probability",
    "wealth_production_rate"
  ],
  "source": "grid_search_rust",
  "timestamp": "20260322_141652"
}