{
  "params": [
    1.0331607340296916,
    0.9002117216569495,
    0.42925649791267223,
    0.9657611111508422,
    0.24336087472508908,
    1.5023742738512456,
    2.2270292526966773,
    2.855465167454856,
    4.442575133087276,
    6.257302097657185,
    4.220698592837295,
    0.26936881804757623,
    2.9867041609810734,
    3.3803029575058825,
    0.8187474200207022,
    1.210645585647925,
    0.21152956816443336,
    0.5163729912906879,
    0.4282242331646465,
    0.27866062352339294,
    4.130213367860977,
    0.18678502790256252,
    0.24594782312579735,
    0.21720976225426034,
    1.1694090758725495,
    0.10769261204623132,
    0.49873329878652334,
    0.22485565444217653,
    0.8622321954053548,
    5.262857288710396,
    0.7367537236920498,
    0.08739338762127823,
    4.726717550098758,
    5.487777931883552,
    0.05410030341496682,
    0.2305221938472082
  ],
  "score": 52.822190752578145,
  "param_names": [
    "base_food_production",
    "forest_food_bonus",
    "plains_food_bonus",
    "food_consumption_rate",
    "pop_growth_rate",
    "pop_growth_food_threshold",
    "carrying_capacity_per_food",
    "port_development_threshold",
    "longship_build_threshold",
    "expansion_threshold",
    "expansion_range",
    "expansion_pop_transfer",
    "raid_range_base",
    "raid_range_longship",
    "raid_desperation_threshold",
    "raid_strength_factor",
    "raid_loot_fraction",
    "raid_damage_factor",
    "conquest_threshold",
    "raid_kill_threshold",
    "trade_range",
    "trade_food_gain",
    "trade_wealth_gain",
    "tech_diffusion_rate",
    "winter_severity_mean",
    "winter_severity_variance",
    "collapse_food_threshold",
    "collapse_probability",
    "survival_bonus",
    "dispersal_range",
    "dispersal_fraction",
    "forest_reclaim_probability",
    "ruin_rebuild_range",
    "ruin_rebuild_threshold",
    "ruin_rebuild_fraction",
    "ruin_to_plains_probability"
  ],
  "source": "grid_search_rust"
}